,Unnamed: 0,datetime,close,RSI,RSI_SMA,Signal,ltp
45,45,2019-12-27 08:15:00,12172.9,28.9,19.535,Buy,128.94
78,78,2020-01-07 08:15:00,12079.1,29.31,24.737142857142857,Buy,128.4
110,110,2020-01-10 13:15:00,12237.65,66.98,80.9557142857143,Sell,130.07
178,178,2020-01-23 08:15:00,12123.75,28.58,27.14642857142857,Buy,128.48
249,249,2020-02-03 16:15:00,11724.05,33.27,32.62785714285714,Buy,125.05
266,266,2020-02-05 15:15:00,12092.3,83.08,83.25714285714285,Sell,127.89
340,340,2020-02-18 14:15:00,12000.75,30.8,20.845,Buy,126.83
373,373,2020-02-25 11:15:00,11856.4,21.49,18.60428571428572,Buy,125.9
393,393,2020-02-27 13:15:00,11586.45,26.08,23.169285714285717,Buy,123.33
452,452,2020-03-09 14:15:00,10466.6,24.8,19.839285714285715,Buy,110.95
456,456,2020-03-11 09:15:00,10421.15,24.17,18.78857142857143,Buy,111.8
500,500,2020-03-18 08:15:00,9088.45,33.93,29.54714285714286,Buy,99.94
511,511,2020-03-19 10:15:00,8363.65,33.92,24.33642857142857,Buy,88.5
555,555,2020-03-26 16:15:00,8653.55,78.45,78.82285714285716,Sell,94.87
599,599,2020-04-03 15:15:00,8092.45,34.33,31.648571428571437,Buy,86.55
735,735,2020-04-30 15:15:00,9866.0,84.63,86.79499999999999,Sell,104.0
751,751,2020-05-05 13:15:00,9333.85,33.33,27.073571428571427,Buy,99.26
852,852,2020-05-21 14:15:00,9111.9,71.6,72.16714285714286,Sell,96.9
855,855,2020-05-22 08:15:00,9067.9,66.87,74.01928571428572,Sell,96.0
897,897,2020-06-01 13:15:00,9834.6,83.11,93.2414285714286,Sell,105.08
916,916,2020-06-03 14:15:00,10050.6,69.88,78.23071428571427,Sell,107.48
1021,1021,2020-06-22 10:15:00,10301.55,82.94,83.68714285714285,Sell,109.5
1040,1040,2020-06-24 11:15:00,10478.95,72.64,72.76142857142857,Sell,111.01
1101,1101,2020-07-03 09:15:00,10597.15,71.11,73.26428571428572,Sell,112.63
1120,1120,2020-07-07 10:15:00,10733.45,68.62,75.60785714285714,Sell,114.33
1205,1205,2020-07-21 13:15:00,11143.5,80.02,88.72928571428572,Sell,118.52
1210,1210,2020-07-22 09:15:00,11141.35,66.27,86.23571428571428,Sell,118.45
1276,1276,2020-08-03 11:15:00,10966.9,31.11,29.839285714285715,Buy,116.95
1282,1282,2020-08-04 08:15:00,10946.65,29.92,24.31714285714286,Buy,116.58
1297,1297,2020-08-05 14:15:00,11103.9,66.0,68.19928571428571,Sell,118.31
1330,1330,2020-08-11 11:15:00,11320.05,68.21,69.41214285714287,Sell,120.22
1332,1332,2020-08-11 13:15:00,11353.25,65.39,70.89142857142858,Sell,120.58
1384,1384,2020-08-19 14:15:00,11403.9,66.72,78.82214285714285,Sell,121.56
1416,1416,2020-08-25 10:15:00,11465.3,69.5,69.90642857142858,Sell,122.16
1418,1418,2020-08-25 12:15:00,11475.7,68.4,71.27285714285715,Sell,122.01
1445,1445,2020-08-28 12:15:00,11632.6,65.69,70.62571428571428,Sell,123.94
1528,1528,2020-09-11 13:15:00,11459.75,70.75,73.99285714285715,Sell,121.61
1559,1559,2020-09-17 08:15:00,11539.4,65.19,68.28214285714286,Sell,122.9
1592,1592,2020-09-22 14:15:00,11161.5,24.81,23.129285714285714,Buy,118.82
1605,1605,2020-09-25 08:15:00,10910.4,34.05,32.325714285714284,Buy,116.35
1607,1607,2020-09-25 10:15:00,10918.45,33.84,33.37571428571429,Buy,116.3
1625,1625,2020-09-29 10:15:00,11207.85,71.41,78.8292857142857,Sell,120.11
1655,1655,2020-10-05 13:15:00,11527.3,73.57,76.52857142857142,Sell,122.15
1682,1682,2020-10-08 13:15:00,11867.25,82.13,84.89428571428572,Sell,126.41
1725,1725,2020-10-16 10:15:00,11764.9,33.99,32.495714285714286,Buy,125.32
1754,1754,2020-10-21 12:15:00,11991.5,69.12,70.57785714285714,Sell,127.74
1852,1852,2020-11-06 10:15:00,12179.75,90.91,93.05285714285716,Sell,129.87
1861,1861,2020-11-09 10:15:00,12406.2,86.98,89.35428571428572,Sell,132.35
1871,1871,2020-11-10 11:15:00,12571.6,84.29,84.73214285714286,Sell,134.04
1873,1873,2020-11-10 13:15:00,12532.85,65.64,83.33285714285714,Sell,134.28
1915,1915,2020-11-17 16:15:00,12879.8,65.23,66.42999999999999,Sell,137.26
2027,2027,2020-12-08 10:15:00,13380.2,71.75,78.22428571428573,Sell,143.0
2036,2036,2020-12-09 10:15:00,13488.45,70.27,71.06428571428572,Sell,143.59
2040,2040,2020-12-09 14:15:00,13532.7,67.11,67.83142857142857,Sell,144.3
2090,2090,2020-12-18 09:15:00,13695.05,67.65,75.24571428571429,Sell,146.59
2112,2112,2020-12-22 13:15:00,13427.8,32.5,26.47,Buy,142.12
2131,2131,2020-12-24 14:15:00,13749.75,80.44,81.57857142857144,Sell,146.26
2148,2148,2021-01-01 16:15:00,14014.8,80.86,83.68714285714286,Sell,
2205,2205,2021-01-13 11:15:00,14560.0,74.36,85.27142857142857,Sell,155.65
2234,2234,2021-01-18 13:15:00,14400.9,33.47,32.949285714285715,Buy,152.93
2236,2236,2021-01-18 15:15:00,14241.65,30.92,30.92,Buy,152.85
2261,2261,2021-01-21 13:15:00,14699.9,74.88,85.13928571428572,Sell,157.72
2278,2278,2021-01-25 12:15:00,14399.45,32.94,29.985,Buy,153.54
2281,2281,2021-01-25 15:15:00,14225.2,29.97,26.93357142857143,Buy,152.58
2298,2298,2021-01-28 14:15:00,13822.8,22.28,17.556428571428572,Buy,147.8
2330,2330,2021-02-04 09:15:00,14749.95,85.12,91.665,Sell,157.1
2342,2342,2021-02-05 12:15:00,14914.55,66.11,71.82285714285715,Sell,159.8
2345,2345,2021-02-05 15:15:00,14933.6,68.58,68.9707142857143,Sell,158.99
2352,2352,2021-02-08 13:15:00,15138.15,70.76,71.30928571428572,Sell,161.08
2431,2431,2021-02-19 11:15:00,15082.1,30.45,28.549285714285716,Buy,161.3
2434,2434,2021-02-19 14:15:00,15006.25,28.7,25.57142857142857,Buy,159.75
2445,2445,2021-02-23 08:15:00,14782.25,30.64,24.347857142857144,Buy,158.0
2480,2480,2021-03-01 12:15:00,14727.65,34.64,34.49428571428571,Buy,157.58
2550,2550,2021-03-12 10:15:00,15270.1,66.32,66.785,Sell,163.24
2582,2582,2021-03-18 14:15:00,14586.15,33.58,32.10214285714286,Buy,155.7
2586,2586,2021-03-19 09:15:00,14500.9,34.37,31.075,Buy,155.39
2628,2628,2021-03-25 15:15:00,14315.85,25.81,22.81142857142857,Buy,153.69
2649,2649,2021-03-31 09:15:00,14747.2,67.53,75.10928571428572,Sell,
2713,2713,2021-04-13 09:15:00,14442.75,22.61,17.340714285714288,Buy,
2801,2801,2021-04-29 15:15:00,14879.3,83.67,84.39857142857143,Sell,
2819,2819,2021-05-03 15:15:00,14631.7,33.73,33.20928571428571,Buy,
2852,2852,2021-05-07 12:15:00,14778.05,68.93,69.03,Sell,
2855,2855,2021-05-07 15:15:00,14806.35,71.45,71.62142857142858,Sell,
2862,2862,2021-05-10 13:15:00,14946.8,70.0,73.84,Sell,
2889,2889,2021-05-14 13:15:00,14659.75,32.77,31.880714285714287,Buy,
2911,2911,2021-05-19 08:15:00,15058.6,76.88,87.75142857142858,Sell,
2937,2937,2021-05-24 15:15:00,15183.65,67.57,69.33,Sell,
2940,2940,2021-05-25 09:15:00,15261.0,71.2,74.18357142857144,Sell,
2968,2968,2021-05-28 10:15:00,15401.65,67.38,70.21642857142857,Sell,
2974,2974,2021-05-28 16:15:00,15454.2,68.88,69.86428571428571,Sell,
2985,2985,2021-06-01 09:15:00,15592.0,75.83,78.81857142857143,Sell,
3013,3013,2021-06-04 10:15:00,15670.25,66.27,69.16357142857143,Sell,
3198,3198,2021-07-06 13:15:00,15895.8,75.35,79.66142857142857,Sell,
3228,3228,2021-07-09 16:15:00,15699.65,27.64,22.273571428571437,Buy,
3254,3254,2021-07-14 15:15:00,15837.2,65.58,66.22428571428571,Sell,
3263,3263,2021-07-15 15:15:00,15921.25,68.49,70.5292857142857,Sell,
3286,3286,2021-07-22 08:15:00,15736.6,34.84,24.37357142857143,Buy,
3301,3301,2021-07-23 14:15:00,15860.6,65.38,71.645,Sell,
3326,3326,2021-07-28 12:15:00,15666.05,34.62,33.99428571428571,Buy,
3328,3328,2021-07-28 14:15:00,15713.1,34.55,32.33571428571428,Buy,
3347,3347,2021-08-02 15:15:00,15889.6,73.77,74.36,Sell,
3362,3362,2021-08-04 12:15:00,16236.25,88.73,91.37357142857142,Sell,
3425,3425,2021-08-16 11:15:00,16567.7,92.84,92.87571428571428,Sell,
3428,3428,2021-08-16 14:15:00,16568.3,91.01,93.4057142857143,Sell,
3481,3481,2021-08-25 13:15:00,16649.8,66.46,66.59857142857143,Sell,
3484,3484,2021-08-25 16:15:00,16633.25,67.05,69.60214285714285,Sell,
3515,3515,2021-09-01 10:15:00,17112.5,83.32,86.44785714285715,Sell,
3539,3539,2021-09-03 16:15:00,17320.55,69.7,73.46285714285715,Sell,
3541,3541,2021-09-06 09:15:00,17400.65,72.53,73.6557142857143,Sell,
3548,3548,2021-09-06 16:15:00,17379.65,68.81,70.35785714285716,Sell,
3654,3654,2021-09-24 13:15:00,17850.4,74.79,80.73642857142856,Sell,
3718,3718,2021-10-05 14:15:00,17827.6,69.14,70.115,Sell,
3722,3722,2021-10-06 09:15:00,17831.95,72.43,73.78214285714286,Sell,
3774,3774,2021-10-14 15:15:00,18334.7,83.2,84.3157142857143,Sell,
3780,3780,2021-10-18 12:15:00,18492.15,86.51,89.3107142857143,Sell,
3809,3809,2021-10-21 14:15:00,18168.3,34.04,32.50214285714286,Buy,
3863,3863,2021-10-29 14:15:00,17647.75,13.57,12.071428571428571,Buy,
3941,3941,2021-11-15 16:15:00,18093.6,67.54,72.63000000000001,Sell,
3969,3969,2021-11-22 08:15:00,17796.25,30.42,27.971428571428568,Buy,
3976,3976,2021-11-22 15:15:00,17441.45,29.0,25.65857142857143,Buy,
3980,3980,2021-11-23 10:15:00,17384.6,28.42,25.12071428571429,Buy,
4010,4010,2021-11-29 12:15:00,17089.3,21.85,20.674285714285716,Buy,
4060,4060,2021-12-07 08:15:00,17044.1,27.59,23.202857142857145,Buy,
4079,4079,2021-12-09 09:15:00,17411.85,67.03,77.14,Sell,
4139,4139,2021-12-20 14:15:00,16619.1,25.47,23.715714285714284,Buy,
4167,4167,2021-12-23 15:15:00,17046.95,72.87,73.78142857142858,Sell,
4198,4198,2021-12-29 10:15:00,17221.7,73.25,79.55857142857143,Sell,
4238,4238,2022-01-05 13:15:00,17912.05,86.2,89.94357142857143,Sell,
4275,4275,2022-01-11 14:15:00,18058.45,72.01,75.59928571428573,Sell,
4282,4282,2022-01-12 12:15:00,18185.3,80.56,81.85642857142857,Sell,
4285,4285,2022-01-12 15:15:00,18205.5,77.73,80.965,Sell,
4338,4338,2022-01-20 14:15:00,17764.3,18.16,16.924285714285713,Buy,
4357,4357,2022-01-25 12:15:00,17129.6,26.17,25.092142857142854,Buy,
4423,4423,2022-02-04 15:15:00,17501.95,32.85,32.82071428571429,Buy,
4434,4434,2022-02-08 08:15:00,17279.85,31.82,27.74714285714285,Buy,
4437,4437,2022-02-08 11:15:00,17180.65,27.93,25.22571428571429,Buy,
4458,4458,2022-02-10 14:15:00,17599.55,71.32,72.68428571428572,Sell,
4460,4460,2022-02-10 16:15:00,17587.45,72.27,74.32928571428572,Sell,
4546,4546,2022-02-25 09:15:00,16638.05,32.56,26.52928571428572,Buy,
4594,4594,2022-03-08 09:15:00,15887.55,26.94,25.74785714285714,Buy,
4616,4616,2022-03-10 13:15:00,16524.55,72.66,80.32642857142856,Sell,
4666,4666,2022-03-21 09:15:00,17232.75,76.91,78.62357142857142,Sell,
4728,4728,2022-04-04 13:15:00,17994.45,80.98,84.22571428571428,Sell,
4753,4753,2022-04-07 11:15:00,17761.8,27.9,26.207142857142856,Buy,
4804,4804,2022-04-19 08:15:00,17258.95,29.0,27.420714285714286,Buy,
4806,4806,2022-04-19 10:15:00,17194.1,27.66,24.835714285714285,Buy,
4903,4903,2022-05-05 16:15:00,16669.2,33.73,32.38928571428572,Buy,
4907,4907,2022-05-06 11:15:00,16416.9,34.81,32.412142857142854,Buy,
4916,4916,2022-05-09 11:15:00,16323.4,29.14,24.957142857142856,Buy,
4974,4974,2022-05-18 14:15:00,16235.3,76.73,82.5492857142857,Sell,
5000,5000,2022-05-23 13:15:00,16264.3,70.38,71.18142857142857,Sell,
5049,5049,2022-05-31 08:15:00,16578.45,72.9,83.21857142857142,Sell,
5132,5132,2022-06-15 09:15:00,15744.45,21.93,19.857857142857146,Buy,
5157,5157,2022-06-17 16:15:00,15335.1,27.96,22.819285714285712,Buy,
5176,5176,2022-06-22 08:15:00,15545.65,69.97,73.78714285714285,Sell,
5201,5201,2022-06-27 14:15:00,15835.75,68.85,71.93642857142856,Sell,
5279,5279,2022-07-08 11:15:00,16180.3,66.93,70.43428571428572,Sell,
5333,5333,2022-07-19 10:15:00,16323.2,78.72,79.1707142857143,Sell,
5346,5346,2022-07-20 14:15:00,16516.2,70.75,71.04071428571429,Sell,
5353,5353,2022-07-21 12:15:00,16542.7,71.74,72.66428571428571,Sell,181.4
5367,5367,2022-07-25 08:15:00,16662.55,66.72,67.27642857142857,Sell,181.55
5408,5408,2022-07-29 13:15:00,17079.15,87.29,93.90642857142858,Sell,186.01
5464,5464,2022-08-10 14:15:00,17537.65,69.42,69.65214285714286,Sell,190.96
5468,5468,2022-08-11 09:15:00,17673.2,68.06,69.18499999999999,Sell,192.31
5475,5475,2022-08-11 16:15:00,17638.65,66.93,67.55714285714285,Sell,191.95
5499,5499,2022-08-17 13:15:00,17924.05,73.89,78.30785714285715,Sell,195.4
5503,5503,2022-08-18 08:15:00,17898.65,74.56,76.45714285714287,Sell,194.94
5531,5531,2022-08-23 09:15:00,17517.0,29.41,12.769285714285711,Buy,190.1
5634,5634,2022-09-09 12:15:00,17829.45,69.95,70.42571428571429,Sell,194.64
5641,5641,2022-09-12 10:15:00,17946.9,66.61,71.12714285714286,Sell,195.85
5654,5654,2022-09-13 14:15:00,18070.0,65.87,67.84428571428572,Sell,197.06
5656,5656,2022-09-13 16:15:00,18066.5,66.88,67.9207142857143,Sell,195.0
5678,5678,2022-09-19 10:15:00,17650.4,30.91,27.58571428571428,Buy,192.71
5727,5727,2022-09-26 14:15:00,17021.55,22.63,21.23,Buy,186.85
5865,5865,2022-10-19 11:15:00,17547.45,76.88,77.5992857142857,Sell,191.65
5893,5893,2022-10-25 09:15:00,17757.2,68.06,68.09714285714286,Sell,193.64
5924,5924,2022-11-01 12:15:00,18068.5,76.48,82.56142857142858,Sell,197.75
5966,5966,2022-11-09 09:15:00,18222.95,65.67,69.00428571428571,Sell,199.0
5997,5997,2022-11-14 13:15:00,18373.1,76.62,82.99214285714285,Sell,200.28
6058,6058,2022-11-24 10:15:00,18365.0,68.29,69.80428571428571,Sell,200.27
6070,6070,2022-11-25 13:15:00,18486.95,75.4,76.17214285714286,Sell,201.98
6107,6107,2022-12-01 14:15:00,18808.15,71.57,73.63357142857144,Sell,205.66
6179,6179,2022-12-14 13:15:00,18634.4,67.56,71.575,Sell,204.38
6200,6200,2022-12-16 16:15:00,18270.1,20.3,18.50857142857143,Buy,
6247,6247,2022-12-26 09:15:00,17933.45,25.61,24.52428571428572,Buy,195.35
6358,6358,2023-01-12 11:15:00,17814.85,34.86,33.84571428571429,Buy,195.01
6443,6443,2023-01-27 14:15:00,17611.6,23.97,16.998571428571427,Buy,191.98
6554,6554,2023-02-15 16:15:00,18023.2,71.78,74.485,Sell,197.7
6556,6556,2023-02-16 09:15:00,18108.65,75.28,76.78857142857143,Sell,197.7
6558,6558,2023-02-16 11:15:00,18089.35,73.8,76.82285714285715,Sell,198.0
6561,6561,2023-02-16 14:15:00,18034.1,66.26,75.13928571428572,Sell,197.63
6580,6580,2023-02-20 15:15:00,17851.8,26.92,26.527142857142856,Buy,195.65
6605,6605,2023-02-23 13:15:00,17569.1,22.46,18.98642857142857,Buy,192.59
6661,6661,2023-03-06 14:15:00,17709.35,74.72,78.26285714285713,Sell,193.64
6692,6692,2023-03-13 09:15:00,17455.6,28.4,23.821428571428573,Buy,190.89
6708,6708,2023-03-14 16:15:00,17068.65,24.77,22.095714285714287,Buy,188.46
6818,6818,2023-04-03 10:15:00,17324.3,73.74,82.5207142857143,Sell,190.16
6839,6839,2023-04-06 13:15:00,17575.6,71.99,78.37928571428573,Sell,193.06
6864,6864,2023-04-13 10:15:00,17747.6,71.68,75.51642857142858,Sell,194.5
6941,6941,2023-04-26 15:15:00,17825.5,67.99,70.07142857142857,Sell,194.69
6953,6953,2023-04-28 09:15:00,17889.2,67.78,75.62071428571429,Sell,196.35
6960,6960,2023-04-28 16:15:00,18049.55,74.81,79.98571428571428,Sell,
6968,6968,2023-05-02 15:15:00,18141.5,75.72,76.35571428571428,Sell,198.3
7092,7092,2023-05-24 11:15:00,18341.05,73.68,74.47357142857143,Sell,201.25
7120,7120,2023-05-29 12:15:00,18595.8,80.83,81.74714285714286,Sell,204.27
7191,7191,2023-06-08 11:15:00,18701.35,65.78,73.1907142857143,Sell,205.76
7222,7222,2023-06-14 14:15:00,18758.4,65.65,70.57571428571428,Sell,205.95
7288,7288,2023-06-26 08:15:00,18682.35,30.98,30.21642857142857,Buy,204.98
7290,7290,2023-06-26 10:15:00,18667.0,28.49,27.97714285714286,Buy,205.05
7330,7330,2023-07-04 09:15:00,19325.35,75.23,89.485,Sell,212.79
7491,7491,2023-07-28 16:15:00,19638.0,34.87,32.544285714285714,Buy,
7506,7506,2023-08-01 13:15:00,19737.55,65.21,66.26285714285714,Sell,217.35
7524,7524,2023-08-03 13:15:00,19310.9,23.14,22.47,Buy,213.44
7703,7703,2023-09-05 10:15:00,19577.9,72.47,72.91499999999999,Sell,215.98
7710,7710,2023-09-06 08:15:00,19581.2,73.11,74.33642857142857,Sell,215.84
7742,7742,2023-09-11 13:15:00,19944.55,77.62,78.80857142857143,Sell,219.8
7777,7777,2023-09-15 12:15:00,20169.0,69.66,69.98857142857143,Sell,222.54
7786,7786,2023-09-18 12:15:00,20169.35,68.05,68.68357142857143,Sell,222.3
7803,7803,2023-09-22 10:15:00,19763.25,18.58,9.581428571428573,Buy,216.9
7917,7917,2023-10-12 15:15:00,19793.95,82.35,83.03785714285716,Sell,218.73
7987,7987,2023-10-25 13:15:00,19174.35,23.35,15.126428571428573,Buy,211.0
7999,7999,2023-10-26 16:15:00,18848.5,21.15,21.118571428571425,Buy,210.6
8017,8017,2023-10-30 16:15:00,19148.85,66.53,69.15357142857142,Sell,212.07
8049,8049,2023-11-06 11:15:00,19346.9,78.92,79.03714285714285,Sell,213.7
8118,8118,2023-11-16 14:15:00,19730.65,65.78,78.10214285714287,Sell,218.7
8186,8186,2023-11-30 09:15:00,20047.35,80.2,81.96142857142857,Sell,221.9
8215,8215,2023-12-05 11:15:00,20776.7,84.65,86.51357142857144,Sell,229.74
8222,8222,2023-12-06 09:15:00,20898.8,77.68,85.62928571428573,Sell,230.89
8285,8285,2023-12-18 08:15:00,21434.8,78.42,78.7707142857143,Sell,235.89
8288,8288,2023-12-18 11:15:00,21460.3,80.03,81.88785714285714,Sell,236.84
8320,8320,2023-12-21 16:15:00,21283.0,34.87,32.822857142857146,Buy,234.7
8335,8335,2023-12-26 13:15:00,21430.1,68.25,72.19,Sell,236.84
8347,8347,2023-12-27 16:15:00,21648.95,73.65,74.72214285714286,Sell,239.55
8353,8353,2023-12-28 13:15:00,21751.25,77.67,80.30285714285715,Sell,240.09
8457,8457,2024-01-16 08:15:00,22080.5,80.29,85.15928571428572,Sell,243.41
8478,8478,2024-01-18 11:15:00,21521.8,27.68,25.74642857142857,Buy,237.57
8512,8512,2024-01-24 13:15:00,21340.7,34.74,29.335000000000004,Buy,235.6
8538,8538,2024-01-30 12:15:00,21675.85,75.84,77.59642857142856,Sell,239.88
8648,8648,2024-02-16 13:15:00,22045.35,75.71,77.76857142857143,Sell,243.92
8653,8653,2024-02-19 09:15:00,22065.15,75.62,83.53928571428571,Sell,244.19
8748,8748,2024-03-05 08:15:00,22371.25,78.1,89.99357142857143,Sell,247.36
8887,8887,2024-04-01 11:15:00,22462.2,68.48,70.50785714285715,Sell,248.81
8942,8942,2024-04-09 12:15:00,22683.55,69.2,72.64071428571428,Sell,251.4
8975,8975,2024-04-18 08:15:00,22212.35,23.94,19.56928571428572,Buy,246.39
8985,8985,2024-04-19 09:15:00,21884.75,34.69,28.412857142857145,Buy,242.14
9006,9006,2024-04-23 12:15:00,22382.45,68.04,70.86214285714286,Sell,248.0
9101,9101,2024-05-09 16:15:00,21968.15,28.38,28.335,Buy,244.01
9195,9195,2024-05-24 14:15:00,22958.35,78.57,87.82071428571429,Sell,255.45
9224,9224,2024-05-30 15:15:00,22519.05,24.42,20.314285714285717,Buy,250.8
9272,9272,2024-06-07 09:15:00,22980.25,72.88,73.20285714285714,Sell,252.99
9276,9276,2024-06-07 13:15:00,23243.7,74.24,75.50857142857141,Sell,257.1
9278,9278,2024-06-07 15:15:00,23288.1,73.27,74.54071428571429,Sell,258.38
9286,9286,2024-06-10 14:15:00,23262.15,74.02,82.89785714285713,Sell,259.0
9379,9379,2024-06-26 16:15:00,23840.25,79.25,82.38571428571429,Sell,264.59
9387,9387,2024-06-27 15:15:00,24072.2,78.7,79.26142857142857,Sell,266.95
9485,9485,2024-07-15 13:15:00,24594.45,68.46,69.96642857142857,Sell,273.71
9567,9567,2024-07-30 13:15:00,24929.15,78.56,83.025,Sell,277.6
9607,9607,2024-08-06 08:15:00,24189.85,22.18,11.87857142857143,Buy,271.4
9668,9668,2024-08-14 15:15:00,24150.65,30.1,28.077142857142857,Buy,269.4
9684,9684,2024-08-19 14:15:00,24571.45,70.44,73.50357142857145,Sell,274.42
9689,9689,2024-08-20 10:15:00,24707.5,76.27,77.91142857142857,Sell,275.8
9737,9737,2024-08-27 13:15:00,25052.65,76.95,78.45785714285715,Sell,279.11
9902,9902,2024-09-23 15:15:00,25933.55,71.9,77.2792857142857,Sell,289.6
9907,9907,2024-09-24 11:15:00,25921.55,68.54,77.63642857142858,Sell,289.36
9929,9929,2024-09-27 14:15:00,26195.15,68.95,74.91642857142857,Sell,292.06
9944,9944,2024-10-01 11:15:00,25822.95,22.15,19.895714285714284,Buy,287.52
9961,9961,2024-10-04 10:15:00,25332.6,27.03,24.438571428571432,Buy,281.55
10044,10044,2024-10-18 11:15:00,24785.5,26.27,21.005714285714284,Buy,276.17
10076,10076,2024-10-23 16:15:00,24436.0,34.56,30.79142857142857,Buy,273.29
10093,10093,2024-10-25 15:15:00,24219.15,31.64,27.99714285714285,Buy,271.87
10142,10142,2024-11-04 11:15:00,23923.65,32.34,32.33642857142858,Buy,266.67
10204,10204,2024-11-14 09:15:00,23616.9,23.95,16.987857142857145,Buy,264.46
10254,10254,2024-11-25 14:15:00,24222.25,78.7,80.26499999999999,Sell,270.23
10304,10304,2024-12-04 09:15:00,24542.85,85.79,85.98642857142856,Sell,273.2
