,datetime,close,RSI,RSI_SMA,Signal,ltp
33,2019-12-24 14:15:00,12211.25,26.08,45.61571428571428,Buy,129.8
54,2020-01-02 11:15:00,12256.05,70.09,34.815714285714286,Sell,129.75
70,2020-01-06 09:15:00,12086.8,18.92,62.16357142857142,Buy,129.25
101,2020-01-09 13:15:00,12195.05,84.97,54.68785714285715,Sell,129.4
167,2020-01-21 15:15:00,12164.6,28.24,44.39142857142857,Buy,129.23
188,2020-01-24 09:15:00,12229.6,73.16,44.53499999999999,Sell,129.2
203,2020-01-27 15:15:00,12112.8,24.39,58.34,Buy,128.8
255,2020-02-04 13:15:00,11954.85,85.31,39.12428571428571,Sell,126.55
287,2020-02-10 15:15:00,12040.5,28.56,53.02785714285714,Buy,127.73
300,2020-02-12 10:15:00,12209.1,75.16,51.85071428571428,Sell,129.27
331,2020-02-17 14:15:00,12042.7,21.13,36.85214285714286,Buy,127.95
349,2020-02-19 14:15:00,12123.5,73.12,39.40642857142858,Sell,128.47
362,2020-02-24 09:15:00,11956.1,22.87,63.79571428571428,Buy,126.9
544,2020-03-25 14:15:00,8300.85,81.41,44.91785714285714,Sell,88.87
593,2020-04-03 09:15:00,8176.6,23.42,44.17285714285715,Buy,89.4
607,2020-04-07 14:15:00,8810.5,83.49,46.60142857142857,Sell,92.25
668,2020-04-21 11:15:00,9001.55,25.54,56.645,Buy,95.75
682,2020-04-22 16:15:00,9195.5,72.46,37.07285714285714,Sell,97.47
743,2020-05-04 14:15:00,9278.35,12.68,62.06857142857143,Buy,98.91
847,2020-05-21 09:15:00,9109.75,86.74,60.72857142857144,Sell,96.13
952,2020-06-09 14:15:00,10051.75,24.99,57.07428571428572,Buy,107.21
1009,2020-06-18 16:15:00,10090.5,78.63,58.83857142857143,Sell,107.49
1160,2020-07-14 13:15:00,10631.7,25.22,46.29285714285714,Buy,112.48
1184,2020-07-17 10:15:00,10811.85,78.41,52.29928571428571,Sell,114.79
1262,2020-07-30 15:15:00,11093.6,29.22,49.77571428571429,Buy,118.1
1288,2020-08-04 14:15:00,11096.4,72.67,34.269285714285715,Sell,117.54
1360,2020-08-14 14:15:00,11178.0,28.17,51.46571428571429,Buy,118.9
1373,2020-08-18 12:15:00,11320.05,80.23,41.27571428571429,Sell,120.22
1393,2020-08-20 14:15:00,11310.4,25.07,57.52071428571429,Buy,120.31
1401,2020-08-21 13:15:00,11400.4,72.08,40.4,Sell,121.24
1458,2020-08-31 16:15:00,11342.45,24.99,52.98571428571428,Buy,121.05
1475,2020-09-02 15:15:00,11545.0,71.26,50.31785714285714,Sell,122.7
1488,2020-09-07 09:15:00,11314.65,19.25,48.81142857142856,Buy,120.7
1498,2020-09-08 10:15:00,11406.4,70.54,29.195714285714285,Sell,121.48
1507,2020-09-09 10:15:00,11238.6,28.39,46.06642857142857,Buy,119.95
1519,2020-09-10 13:15:00,11385.35,75.44,42.24928571428571,Sell,121.2
1583,2020-09-21 14:15:00,11261.85,11.95,39.02928571428572,Buy,120.36
1615,2020-09-28 09:15:00,11163.0,73.43,37.934285714285714,Sell,118.3
1717,2020-10-14 12:15:00,11843.65,28.07,46.487857142857145,Buy,126.09
1734,2020-10-19 10:15:00,11852.8,79.91,39.03714285714285,Sell,126.62
1782,2020-10-26 13:15:00,11723.45,12.8,49.57357142857144,Buy,125.73
1795,2020-10-28 08:15:00,11922.6,73.98,37.885,Sell,126.64
1806,2020-10-29 10:15:00,11690.7,29.18,48.00857142857143,Buy,125.09
1837,2020-11-03 14:15:00,11815.4,86.56,58.44642857142858,Sell,125.88
2104,2020-12-21 14:15:00,13338.9,16.08,50.307142857142864,Buy,
2119,2020-12-23 11:15:00,13538.3,71.27,32.93,Sell,144.16
2231,2021-01-18 10:15:00,14328.75,22.41,39.32,Buy,153.02
2249,2021-01-20 10:15:00,14611.7,84.4,55.417142857142856,Sell,155.75
2271,2021-01-22 14:15:00,14362.95,16.15,51.47928571428571,Buy,154.31
2316,2021-02-01 14:15:00,14253.7,70.02,47.00142857142857,Sell,151.0
2417,2021-02-17 15:15:00,15206.75,26.31,46.21,Buy,162.61
2457,2021-02-24 16:15:00,14982.0,70.16,41.01428571428571,Sell,160.15
2472,2021-02-26 13:15:00,14688.1,26.32,61.24071428571428,Buy,156.64
2488,2021-03-02 11:15:00,14835.2,74.32,47.22642857142857,Sell,158.39
2562,2021-03-16 12:15:00,14939.25,25.57,45.381428571428565,Buy,160.55
2602,2021-03-22 16:15:00,14743.85,71.83,55.57714285714286,Sell,157.88
2619,2021-03-24 15:15:00,14551.1,22.45,46.825,Buy,156.14
2639,2021-03-30 08:15:00,14628.5,73.98,45.17857142857143,Sell,156.51
2704,2021-04-12 09:15:00,14454.75,11.49,44.95857142857143,Buy,
2720,2021-04-13 16:15:00,14525.7,71.12,25.40571428571429,Sell,
2742,2021-04-19 11:15:00,14269.95,21.04,57.02571428571429,Buy,
2785,2021-04-27 09:15:00,14566.55,77.99,61.055,Sell,
2812,2021-05-03 08:15:00,14481.05,13.36,57.885,Buy,
2843,2021-05-06 12:15:00,14712.75,70.67,52.35285714285715,Sell,
2877,2021-05-12 10:15:00,14712.5,27.5,47.62571428571429,Buy,
2899,2021-05-17 14:15:00,14921.15,79.63,48.96714285714285,Sell,
2919,2021-05-20 15:15:00,14919.9,25.34,67.56214285714286,Buy,
2930,2021-05-24 08:15:00,15211.35,76.73,46.137142857142855,Sell,
3081,2021-06-16 14:15:00,15768.25,20.93,58.39857142857143,Buy,
3116,2021-06-22 13:15:00,15819.0,83.03,59.701428571428565,Sell,
3172,2021-07-01 14:15:00,15677.35,28.33,38.24714285714286,Buy,
3186,2021-07-05 10:15:00,15824.0,77.59,46.10928571428571,Sell,
3219,2021-07-08 16:15:00,15727.75,28.64,43.07857142857143,Buy,
3247,2021-07-14 08:15:00,15808.7,71.8,58.90928571428572,Sell,
3275,2021-07-19 15:15:00,15760.15,24.66,56.800714285714285,Buy,
3293,2021-07-22 15:15:00,15831.55,79.61,40.93571428571429,Sell,
3318,2021-07-27 13:15:00,15724.85,29.88,47.485,Buy,
3337,2021-07-29 14:15:00,15777.15,70.51,45.02785714285714,Sell,
3628,2021-09-20 15:15:00,17388.4,28.95,47.32214285714286,Buy,
3641,2021-09-23 09:15:00,17725.9,71.07,47.45857142857143,Sell,
3694,2021-10-01 08:15:00,17531.9,29.49,43.91357142857142,Buy,
3709,2021-10-04 14:15:00,17697.85,74.21,44.67928571428571,Sell,
3801,2021-10-20 15:15:00,18280.8,27.47,44.37214285714286,Buy,
3836,2021-10-26 14:15:00,18263.25,74.49,50.815000000000005,Sell,
3850,2021-10-28 10:15:00,18038.15,21.02,59.37642857142857,Buy,
3876,2021-11-03 08:15:00,17947.95,85.39,44.79857142857144,Sell,
3917,2021-11-11 10:15:00,17845.55,26.68,41.07357142857143,Buy,
3930,2021-11-12 14:15:00,18096.85,72.37,42.82928571428572,Sell,
3960,2021-11-18 08:15:00,17890.55,22.98,34.16571428571429,Buy,
3992,2021-11-25 12:15:00,17516.95,70.65,47.425,Sell,
3999,2021-11-26 10:15:00,17165.55,26.65,54.69428571428572,Buy,
4035,2021-12-02 10:15:00,17285.45,75.34,53.42928571428571,Sell,
4054,2021-12-06 11:15:00,17056.95,10.42,52.78714285714285,Buy,
4070,2021-12-08 09:15:00,17405.8,78.52,42.00857142857143,Sell,
4110,2021-12-14 13:15:00,17359.2,22.99,41.669285714285714,Buy,
4151,2021-12-22 08:15:00,16865.55,78.14,44.43214285714286,Sell,
4324,2022-01-19 09:15:00,18038.7,27.61,53.955,Buy,
4390,2022-02-01 09:15:00,17578.1,78.59,61.010714285714286,Sell,
4414,2022-02-03 15:15:00,17529.5,25.49,59.98,Buy,
4450,2022-02-09 15:15:00,17468.05,79.13,52.137142857142855,Sell,
4469,2022-02-11 16:15:00,17345.55,24.75,51.68857142857143,Buy,
4484,2022-02-16 10:15:00,17288.1,76.14,37.885,Sell,
4510,2022-02-21 09:15:00,17127.25,27.71,42.13142857142857,Buy,
4532,2022-02-23 13:15:00,17146.3,76.01,44.29928571428572,Sell,
4538,2022-02-24 10:15:00,16579.1,21.12,45.35142857142858,Buy,
4557,2022-02-28 11:15:00,16673.6,72.15,45.14928571428572,Sell,
4583,2022-03-04 10:15:00,16159.1,19.82,40.76857142857143,Buy,
4606,2022-03-09 12:15:00,16317.85,70.92,40.94714285714286,Sell,
4675,2022-03-22 09:15:00,17035.0,23.4,58.80285714285714,Buy,
4683,2022-03-23 08:15:00,17405.05,71.7,42.00928571428572,Sell,
4745,2022-04-06 12:15:00,17840.2,29.78,51.614285714285714,Buy,
4824,2022-04-21 10:15:00,17338.85,77.83,47.41785714285714,Sell,
4838,2022-04-25 14:15:00,16947.15,18.28,54.18214285714286,Buy,
4848,2022-04-26 15:15:00,17211.35,70.14,39.89142857142857,Sell,
4893,2022-05-04 15:15:00,16672.1,23.6,33.18928571428572,Buy,
4962,2022-05-17 11:15:00,16104.8,73.44,47.190714285714286,Sell,
4979,2022-05-19 10:15:00,15927.65,24.21,72.66,Buy,
4991,2022-05-20 13:15:00,16218.4,71.03,31.03357142857143,Sell,
5011,2022-05-24 15:15:00,16121.55,27.73,51.069285714285705,Buy,
5037,2022-05-27 14:15:00,16346.2,74.68,56.54785714285714,Sell,
5086,2022-06-07 08:15:00,16469.6,24.72,45.68428571428571,Buy,
5167,2022-06-21 08:15:00,15455.95,72.07,41.90500000000001,Sell,
5232,2022-07-01 09:15:00,15554.65,25.54,47.46,Buy,
5246,2022-07-04 14:15:00,15841.1,74.79,47.35142857142858,Sell,
5309,2022-07-14 13:15:00,15872.3,28.05,36.91285714285714,Buy,
5323,2022-07-18 09:15:00,16184.8,84.28,47.330714285714286,Sell,
5378,2022-07-26 10:15:00,16504.45,25.18,49.04928571428571,Buy,179.97
5392,2022-07-27 15:15:00,16644.55,70.92,41.96928571428572,Sell,181.6
5519,2022-08-19 15:15:00,17736.3,27.48,46.73857142857143,Buy,193.71
5572,2022-08-30 13:15:00,17662.6,85.83,43.24357142857143,Sell,192.85
5673,2022-09-16 14:15:00,17542.35,23.06,39.26928571428572,Buy,191.88
5686,2022-09-20 09:15:00,17855.3,81.51,35.48285714285714,Sell,194.01
5713,2022-09-23 09:15:00,17460.3,27.97,35.644285714285715,Buy,192.75
5766,2022-10-03 08:15:00,17102.1,73.44,53.21071428571428,Sell,186.31
5800,2022-10-10 09:15:00,17085.9,20.81,54.65071428571429,Buy,187.45
5835,2022-10-14 08:15:00,17322.3,74.31,49.57928571428571,Sell,188.9
5978,2022-11-10 12:15:00,17994.55,27.45,48.462857142857146,Buy,196.72
5987,2022-11-11 12:15:00,18324.9,71.32,41.32357142857143,Sell,199.91
6025,2022-11-18 13:15:00,18217.45,26.12,52.65714285714285,Buy,199.51
6045,2022-11-22 15:15:00,18253.45,70.94,37.825,Sell,199.28
6115,2022-12-02 13:15:00,18687.8,17.73,60.29571428571428,Buy,204.38
6170,2022-12-13 13:15:00,18575.95,75.66,49.20428571428572,Sell,203.53
6189,2022-12-15 14:15:00,18406.8,17.85,55.39071428571429,Buy,202.54
6255,2022-12-27 08:15:00,18089.8,72.92,37.31071428571429,Sell,197.75
6313,2023-01-05 11:15:00,17981.1,27.32,38.39857142857143,Buy,197.38
6337,2023-01-10 08:15:00,18121.3,77.49,52.635000000000005,Sell,197.81
6348,2023-01-11 10:15:00,17910.2,26.39,48.225,Buy,196.75
6371,2023-01-13 15:15:00,17962.95,70.69,45.50857142857143,Sell,196.69
6409,2023-01-20 16:15:00,18027.3,22.88,40.78071428571429,Buy,
6464,2023-02-01 08:15:00,17811.6,72.93,52.765,Sell,194.4
6569,2023-02-17 13:15:00,17910.15,12.17,58.55642857142857,Buy,196.18
6652,2023-03-03 14:15:00,17591.9,77.73,54.83142857142857,Sell,192.67
6683,2023-03-10 09:15:00,17392.65,20.0,41.74571428571428,Buy,190.99
6750,2023-03-21 14:15:00,17104.2,71.94,48.441428571428574,Sell,187.27
6778,2023-03-24 15:15:00,16919.35,19.99,39.04357142857143,Buy,185.86
6807,2023-03-31 08:15:00,17210.35,73.75,52.785,Sell,188.39
6894,2023-04-19 13:15:00,17595.55,22.54,41.065,Buy,193.12
6925,2023-04-25 08:15:00,17761.55,76.03,58.03928571428571,Sell,193.99
7052,2023-05-17 08:15:00,18300.45,29.65,55.39071428571429,Buy,200.15
7082,2023-05-22 11:15:00,18316.95,70.78,50.722142857142856,Sell,200.59
7103,2023-05-25 13:15:00,18241.1,18.66,49.737857142857145,Buy,199.75
7109,2023-05-26 10:15:00,18413.85,73.94,44.45428571428572,Sell,201.27
7202,2023-06-09 13:15:00,18575.35,28.9,50.99142857142857,Buy,204.2
7215,2023-06-13 16:15:00,18718.65,71.34,48.39642857142858,Sell,205.57
7257,2023-06-20 13:15:00,18752.5,29.17,48.34571428571429,Buy,205.8
7262,2023-06-21 09:15:00,18869.5,75.21,47.71571428571429,Sell,206.65
7280,2023-06-23 09:15:00,18690.5,21.01,51.78071428571428,Buy,205.86
7300,2023-06-27 11:15:00,18750.6,70.24,42.24285714285715,Sell,205.6
7455,2023-07-24 16:15:00,19665.4,25.14,41.20214285714286,Buy,217.1
7467,2023-07-26 10:15:00,19804.4,75.52,40.75928571428572,Sell,218.05
7484,2023-07-28 09:15:00,19618.5,28.27,53.305714285714295,Buy,216.45
7498,2023-07-31 14:15:00,19760.0,75.19,41.18357142857143,Sell,217.25
7513,2023-08-02 11:15:00,19540.55,16.47,57.515,Buy,215.58
7537,2023-08-07 08:15:00,19576.85,73.23,47.26357142857143,Sell,215.25
7558,2023-08-09 11:15:00,19489.05,27.89,51.97500000000001,Buy,214.94
7589,2023-08-16 14:15:00,19461.75,72.77,42.18642857142857,Sell,214.29
7602,2023-08-18 09:15:00,19266.35,25.09,48.27857142857143,Buy,212.99
7622,2023-08-22 11:15:00,19431.8,72.51,57.39714285714286,Sell,213.55
7652,2023-08-25 14:15:00,19263.15,13.23,40.42785714285714,Buy,212.8
7675,2023-08-30 10:15:00,19447.7,74.59,62.28357142857143,Sell,214.09
7791,2023-09-20 08:15:00,19980.75,15.25,55.480714285714285,Buy,220.71
7881,2023-10-05 16:15:00,19546.6,78.23,50.68285714285714,Sell,216.01
7899,2023-10-09 16:15:00,19497.5,27.53,52.10928571428571,Buy,216.27
7905,2023-10-10 13:15:00,19696.05,74.75,44.94285714285714,Sell,216.95
7952,2023-10-18 14:15:00,19672.05,27.36,54.92785714285714,Buy,217.62
8007,2023-10-27 15:15:00,19045.7,75.3,36.962857142857146,Sell,210.54
8083,2023-11-10 09:15:00,19349.1,26.82,51.39428571428572,Buy,213.7
8093,2023-11-12 19:15:00,19525.55,72.67,45.18,Sell,215.28
8137,2023-11-20 15:15:00,19694.15,27.95,44.28428571428572,Buy,217.26
8146,2023-11-21 15:15:00,19785.0,75.11,50.86357142857143,Sell,218.45
8264,2023-12-12 15:15:00,20908.4,27.76,54.10285714285714,Buy,231.05
8275,2023-12-14 16:15:00,21195.25,71.19,52.00857142857144,Sell,234.99
8311,2023-12-20 16:15:00,21101.5,24.79,48.85642857142857,Buy,232.19
8323,2023-12-22 10:15:00,21368.9,72.15,35.637142857142855,Sell,235.47
8410,2024-01-08 15:15:00,21508.95,28.92,49.260714285714286,Buy,237.8
8434,2024-01-11 12:15:00,21673.85,70.45,50.83571428571428,Sell,238.85
8468,2024-01-17 10:15:00,21740.7,28.98,58.96642857142857,Buy,240.83
8490,2024-01-19 14:15:00,21619.75,70.8,42.43928571428571,Sell,238.6
8503,2024-01-23 13:15:00,21311.75,26.24,56.91857142857143,Buy,236.25
8531,2024-01-29 14:15:00,21741.55,79.68,60.59285714285715,Sell,239.82
8578,2024-02-05 16:15:00,21761.3,24.65,53.875,Buy,240.78
8590,2024-02-07 10:15:00,21963.25,74.31,50.76571428571428,Sell,243.05
8681,2024-02-22 10:15:00,21927.05,22.97,51.540000000000006,Buy,243.0
8694,2024-02-23 14:15:00,22213.25,76.21,50.28857142857142,Sell,245.8
8702,2024-02-26 13:15:00,22153.95,26.72,57.09428571428572,Buy,245.17
8735,2024-03-01 10:15:00,22208.7,76.67,42.38,Sell,245.24
8781,2024-03-11 14:15:00,22323.7,26.16,57.943571428571424,Buy,248.01
8848,2024-03-21 09:15:00,22068.1,72.62,37.87214285714286,Sell,243.41
8962,2024-04-12 14:15:00,22515.85,24.59,47.79285714285714,Buy,249.99
8998,2024-04-22 13:15:00,22292.0,80.52,50.77142857142858,Sell,246.82
9094,2024-05-09 09:15:00,22194.4,28.99,36.99357142857143,Buy,247.0
9126,2024-05-14 14:15:00,22222.05,87.03,60.07071428571429,Sell,246.9
9215,2024-05-29 15:15:00,22707.55,16.97,41.762142857142855,Buy,252.34
9235,2024-06-03 08:15:00,23337.9,80.28,34.580714285714286,Sell,258.33
9250,2024-06-04 14:15:00,21949.7,24.51,59.62357142857143,Buy,251.45
9261,2024-06-05 16:15:00,22573.0,81.51,37.44428571428572,Sell,252.43
9516,2024-07-22 08:15:00,24445.75,28.96,52.587857142857146,Buy,271.99
9556,2024-07-26 12:15:00,24775.55,70.47,51.78857142857142,Sell,273.96
9594,2024-08-02 13:15:00,24770.55,19.23,53.56857142857143,Buy,276.3
9645,2024-08-12 10:15:00,24434.8,71.56,55.847142857142856,Sell,270.88
9660,2024-08-13 16:15:00,24141.2,19.47,43.51714285714286,Buy,269.5
9673,2024-08-16 11:15:00,24419.8,70.61,35.941428571428574,Sell,270.58
9797,2024-09-06 09:15:00,24921.1,25.76,38.112142857142864,Buy,280.18
9814,2024-09-10 08:15:00,24999.4,70.27,36.00857142857143,Sell,278.54
9935,2024-09-30 11:15:00,25895.15,18.59,61.88357142857143,Buy,289.5
9986,2024-10-09 08:15:00,25065.8,83.33,42.41142857142857,Sell,279.76
10033,2024-10-17 09:15:00,24831.95,24.5,53.94357142857143,Buy,278.77
10154,2024-11-06 13:15:00,24484.7,75.77,43.25142857142857,Sell,273.63
10167,2024-11-08 08:15:00,24207.7,23.36,60.26571428571429,Buy,270.07
10244,2024-11-22 13:15:00,23844.95,71.37,41.69642857142857,Sell,264.9
10272,2024-11-28 13:15:00,23958.9,28.05,47.285714285714285,Buy,268.3
10285,2024-12-02 08:15:00,24140.85,70.75,41.00928571428572,Sell,268.72
10363,2024-12-12 14:15:00,24549.9,28.48,48.70642857142857,Buy,274.29
10382,2024-12-16 15:15:00,24663.1,75.28,58.715,Sell,275.59
